target_sparsity,achieved_sparsity,seed,accuracy,criterion
0.0,0.0,0,0.97,saliency
0.0,0.0,1,0.98,saliency
0.0,0.0,2,0.97,saliency
0.0,0.0,3,0.98,saliency
0.0,0.0,4,0.97,saliency
0.5,0.5,0,0.955,saliency
0.5,0.5,1,0.985,saliency
0.5,0.5,2,0.98,saliency
0.5,0.5,3,0.975,saliency
0.5,0.5,4,0.97,saliency
0.75,0.75,0,0.955,saliency
0.75,0.75,1,0.955,saliency
0.75,0.75,2,0.97,saliency
0.75,0.75,3,0.97,saliency
0.75,0.75,4,0.97,saliency
0.9,0.9,0,0.95,saliency
0.9,0.9,1,0.92,saliency
0.9,0.9,2,0.895,saliency
0.9,0.9,3,0.92,saliency
0.9,0.9,4,0.905,saliency
0.95,0.95,0,0.825,saliency
0.95,0.95,1,0.85,saliency
0.95,0.95,2,0.825,saliency
0.95,0.95,3,0.8,saliency
0.95,0.95,4,0.82,saliency
